<?xml version="1.0" encoding="utf-8"?>
<RK7QueryResult ServerVersion="7.6.2.205" XmlVersion="244" NetName="MIDSERV" Status="Ok" Processed="1">
	<CommandResult CMD="GetDocByLayout" Status="Ok" ErrorText="" DateTime="2020-09-30T14:24:44" WorkTime="62">
		<LayoutResult LayoutCode="10959" LayoutFilters="" DataSourceParams=""><BandRepTitle>
<rhrow>
<rhcol>Кассовый балансовый отчет</rhcol>
<rhcol>кассовый день 29.09.2020</rhcol>
<rhcol>Смена 209</rhcol>
<rhcol>30.09.2020 14:24:44</rhcol>
</rhrow>
</BandRepTitle>
<rhrow>
<rhcol></rhcol>
<rhcol>Скидки / Наценки</rhcol>
<rhcol>---------------------------------------------------</rhcol>
</rhrow>
<Discounts>
</Discounts>
<Virtual[1] count = "1">
<rhrow>
<rhcol>Удаления</rhcol>
<rhcol>Заказов</rhcol>
<rhcol>Сумма</rhcol>
<rhcol>--------------------------------------------</rhcol>
</rhrow>
</Virtual[1]>
<BandPageFooter>
<rfrow>
<rfcol>-------------------------------------------</rfcol>
<rfcol>7</rfcol>
</rfrow>
</BandPageFooter>
		</LayoutResult>
	</CommandResult>
</RK7QueryResult>